Address,City
237 Gerrard St.E,Toronto
1021 Coxwell Ave,Toronto
4-235 DIXON ROAD,TORONTO
2894 DUFFERIN ST,Toronto
1562 Danforth Ave,Toronto
1655 St Clair Ave W,Toronto
21 Howard St,Toronto
289 Jane St,Toronto
401 PARLIAMENT ST,TORONTO
100- 2 Secord Ave.,Toronto
2850 Dundas St.West,Toronto
568 Yonge St.,Toronto
1962 Danforth Ave,Toronto
1072 Bathurst St,Toronto
345 Bloor St. E. #5,Toronto
795 KING STREET WEST,TORONTO
2305 Yonge St,Toronto
1243 St Clair Ave W,Toronto
1713 ST CLAIR AVE. W,Toronto
252 The Esplanade,Toronto
